job_title,company,location,job_type,category,salary_min,salary_max,experience_required,publication_date,skills,education_level,company_size,benefits
Engineering Manager,DataInc,"San Francisco, CA",Remote,Technology,151082,291345,4,11/27/2025,"AWS, Agile, Machine Learning, Kubernetes, MongoDB, Ruby",Master's Degree,1-50 employees,"Health Insurance, 401(k), Unlimited PTO"
Engineering Manager,EnterpriseHub,"New York, NY",Remote,Technology,156891,280075,3,11/27/2025,"Java, Agile, Git, SQL, Ruby, Go",PhD,1-50 employees,"Dental, Vision, Annual Bonus"
Engineering Manager,StartupXYZ,"Seattle, WA",Part-time,Technology,152134,280310,4,11/27/2025,"AWS, Python, Kubernetes, Git",Associate Degree,1000+ employees,"Stock Options, Remote Work Stipend"
Lead Engineer,WebDynamics,"Seattle, WA",Full-time,Technology,151918,253988,7,11/27/2025,"Agile, Git, Docker, REST APIs, TypeScript",PhD,1000+ employees,"Health Insurance, 401(k), Unlimited PTO"
Senior Software Engineer,DigitalWorks,"San Francisco, CA",Full-time,Technology,148141,252584,9,11/27/2025,"Agile, Ruby, Docker, Git, JavaScript",High School,1000+ employees,"Health Insurance, 401(k), Unlimited PTO"
Senior Software Engineer,WebDynamics,"Seattle, WA",Part-time,Technology,147870,248059,8,11/27/2025,"CI/CD, Python, Kubernetes, JavaScript, SQL, Docker, Machine Learning",High School,201-500 employees,"Stock Options, Remote Work Stipend"
Senior Data Scientist,WebDynamics,"Seattle, WA",Part-time,Technology,149467,244158,11,11/27/2025,"Machine Learning, TypeScript, Node.js, Docker, Python, REST APIs, CI/CD",Associate Degree,51-200 employees,"Health Insurance, 401(k), Unlimited PTO"
Lead Engineer,AI Solutions,"San Francisco, CA",Contract,Technology,133652,258933,11,11/27/2025,"Java, Python, Machine Learning",Associate Degree,501-1000 employees,"Health Insurance, 401(k), Unlimited PTO"
Lead Engineer,AI Solutions,"New York, NY",Full-time,Technology,138787,242901,5,11/27/2025,"TypeScript, Kubernetes, AWS, JavaScript, Go",Associate Degree,201-500 employees,"Health Insurance, 401(k), Unlimited PTO"
Project Manager,DataInc,"New York, NY",Full-time,Technology,133004,237154,2,11/27/2025,"TypeScript, Java, JavaScript, Kubernetes, Go",High School,501-1000 employees,"Stock Options, Remote Work Stipend"
Product Manager,EnterpriseHub,"San Francisco, CA",Contract,Technology,134354,233476,4,11/27/2025,"Machine Learning, MongoDB, Python, REST APIs, AWS, React, Node.js",Master's Degree,51-200 employees,"Dental, Vision, Annual Bonus"
Product Manager,EnterpriseHub,"London, UK",Part-time,Technology,133776,232759,5,11/27/2025,"JavaScript, Machine Learning, Kubernetes, TensorFlow",Unspecified,1000+ employees,"Health Insurance, 401(k), Unlimited PTO"
Project Manager,TechCorp,"New York, NY",Remote,Technology,124814,235012,4,11/27/2025,"Java, CI/CD, TypeScript",Unspecified,51-200 employees,"Health Insurance, 401(k), Unlimited PTO"
Product Manager,EnterpriseHub,"Seattle, WA",Part-time,Technology,130136,228915,4,11/27/2025,"AWS, React, Docker, Java, Kubernetes",PhD,501-1000 employees,"Stock Options, Remote Work Stipend"
Engineering Manager,DigitalWorks,"Denver, CO",Part-time,Technology,124285,232235,3,11/27/2025,"AWS, Machine Learning, SQL, Go, TypeScript",Associate Degree,51-200 employees,"Stock Options, Remote Work Stipend"
Engineering Manager,AI Solutions,"Boston, MA",Part-time,Technology,112849,233748,2,11/27/2025,"AWS, Go, Machine Learning, Git, Ruby",Bachelor's Degree,501-1000 employees,"Dental, Vision, Annual Bonus"
Engineering Manager,DataInc,"Chicago, IL",Remote,Technology,112205,224750,3,11/27/2025,"Go, SQL, AWS, Java, React",PhD,1000+ employees,"Dental, Vision, Annual Bonus"
Engineering Manager,CloudSystems,"Atlanta, GA",Contract,Technology,125001,210672,3,11/27/2025,"Docker, Agile, TensorFlow, AWS, Python, CI/CD",Unspecified,51-200 employees,"Health Insurance, 401(k), Unlimited PTO"
Technical Lead,WebDynamics,"San Francisco, CA",Contract,Technology,125359,209806,11,11/27/2025,"Node.js, Agile, Java",High School,201-500 employees,"Stock Options, Remote Work Stipend"
Engineering Manager,EnterpriseHub,"Denver, CO",Remote,Technology,116663,216465,2,11/27/2025,"React, REST APIs, Java, Docker, TypeScript, Machine Learning",Master's Degree,201-500 employees,"Dental, Vision, Annual Bonus"
Engineering Manager,DataInc,"Austin, TX",Remote,Technology,111856,214647,3,11/27/2025,"TensorFlow, CI/CD, Python, TypeScript, Java, Go, SQL",Associate Degree,1000+ employees,"Health Insurance, 401(k), Unlimited PTO"
Senior Software Engineer,DigitalWorks,"Denver, CO",Full-time,Technology,115867,203905,9,11/27/2025,"Docker, MongoDB, REST APIs, Go, Python, Git",Associate Degree,1-50 employees,"Health Insurance, 401(k), Unlimited PTO"
Senior Software Engineer,EnterpriseHub,"Boston, MA",Contract,Technology,119378,199930,9,11/27/2025,"Python, TypeScript, Node.js, TensorFlow",High School,501-1000 employees,"Stock Options, Remote Work Stipend"
Senior Data Scientist,CloudSystems,"Denver, CO",Full-time,Technology,119028,200044,6,11/27/2025,"Ruby, React, Node.js",High School,51-200 employees,"Health Insurance, 401(k), Unlimited PTO"
Lead Engineer,TechCorp,"Berlin, Germany",Part-time,Technology,114184,204087,9,11/27/2025,"JavaScript, Java, MongoDB",Bachelor's Degree,501-1000 employees,"Dental, Vision, Annual Bonus"
Senior Data Scientist,CloudSystems,"Chicago, IL",Contract,Technology,118237,197803,5,11/27/2025,"SQL, Kubernetes, React, Machine Learning, Python, Agile, Java",Bachelor's Degree,1-50 employees,"Stock Options, Remote Work Stipend"
Lead Engineer,DigitalWorks,"Boston, MA",Contract,Technology,115759,199751,12,11/27/2025,"Git, AWS, JavaScript, Machine Learning, Python, CI/CD",Master's Degree,1-50 employees,"Health Insurance, 401(k), Unlimited PTO"
Technical Lead,DigitalWorks,"New York, NY",Part-time,Technology,108456,206849,11,11/27/2025,"TypeScript, Python, Machine Learning, JavaScript, React",High School,1000+ employees,"Health Insurance, 401(k), Unlimited PTO"
Senior Data Scientist,EnterpriseHub,Remote,Contract,Technology,115733,197147,11,11/27/2025,"Git, Java, CI/CD, REST APIs, Python, Kubernetes, Go",Bachelor's Degree,201-500 employees,"Dental, Vision, Annual Bonus"
Lead Engineer,WebDynamics,"Atlanta, GA",Part-time,Technology,114256,197781,6,11/27/2025,"JavaScript, CI/CD, Java, REST APIs, Docker",Master's Degree,51-200 employees,"Stock Options, Remote Work Stipend"
Lead Engineer,DataInc,"Denver, CO",Remote,Technology,118910,191852,9,11/27/2025,"Machine Learning, Node.js, CI/CD",Unspecified,501-1000 employees,"Dental, Vision, Annual Bonus"
Data Scientist,CodeFactory,"New York, NY",Full-time,Technology,113649,196060,2,11/27/2025,"REST APIs, CI/CD, Python",Unspecified,1-50 employees,"Health Insurance, 401(k), Unlimited PTO"
Senior Software Engineer,EnterpriseHub,"Toronto, Canada",Contract,Technology,111951,197281,5,11/27/2025,"AWS, CI/CD, REST APIs, Machine Learning, MongoDB, Agile, React",Bachelor's Degree,51-200 employees,"Stock Options, Remote Work Stipend"
Senior Data Scientist,InnovateLab,"Toronto, Canada",Remote,Technology,118274,189378,8,11/27/2025,"Machine Learning, Node.js, Go, React, Git, REST APIs, CI/CD",High School,201-500 employees,"Stock Options, Remote Work Stipend"
Senior Software Engineer,CodeFactory,"Atlanta, GA",Full-time,Technology,116897,190586,9,11/27/2025,"Kubernetes, Go, JavaScript, MongoDB, Node.js, Machine Learning",High School,501-1000 employees,"Dental, Vision, Annual Bonus"
Senior Software Engineer,CodeFactory,"Boston, MA",Full-time,Technology,106078,200220,12,11/27/2025,"MongoDB, TypeScript, Java",Unspecified,501-1000 employees,"Health Insurance, 401(k), Unlimited PTO"
Senior Software Engineer,TechCorp,"Atlanta, GA",Full-time,Technology,106043,199399,9,11/27/2025,"Java, Agile, CI/CD, JavaScript, AWS",Master's Degree,1000+ employees,"Stock Options, Remote Work Stipend"
Senior Software Engineer,CloudSystems,"Austin, TX",Remote,Technology,105471,199090,6,11/27/2025,"TypeScript, Node.js, TensorFlow, Go, REST APIs, React, Python",High School,501-1000 employees,"Stock Options, Remote Work Stipend"
Senior Software Engineer,InnovateLab,"Austin, TX",Contract,Technology,107776,195509,5,11/27/2025,"CI/CD, Git, JavaScript",Bachelor's Degree,1-50 employees,"Health Insurance, 401(k), Unlimited PTO"
Technical Lead,CloudSystems,"Seattle, WA",Part-time,Technology,107434,194992,12,11/27/2025,"Kubernetes, SQL, REST APIs, TensorFlow, MongoDB",Unspecified,1000+ employees,"Dental, Vision, Annual Bonus"
Lead Engineer,DataInc,"Atlanta, GA",Contract,Technology,103724,197589,7,11/27/2025,"MongoDB, AWS, Python, Machine Learning, Kubernetes, JavaScript",Master's Degree,51-200 employees,"Health Insurance, 401(k), Unlimited PTO"
Product Manager,WebDynamics,"Denver, CO",Remote,Technology,107618,193038,5,11/27/2025,"SQL, TensorFlow, MongoDB, REST APIs, Docker, Node.js",High School,1-50 employees,"Health Insurance, 401(k), Unlimited PTO"
Technical Lead,DigitalWorks,"Seattle, WA",Part-time,Technology,109758,190478,7,11/27/2025,"SQL, TensorFlow, Node.js, Git, AWS",Unspecified,201-500 employees,"Health Insurance, 401(k), Unlimited PTO"
Frontend Developer,DataInc,"New York, NY",Part-time,Technology,107507,192555,2,11/27/2025,"TypeScript, JavaScript, SQL, Machine Learning, Docker",Master's Degree,51-200 employees,"Health Insurance, 401(k), Unlimited PTO"
Senior Android Engineer,Bolt Technology,"Berlin, Berlin, Germany",,,110000,190000,,1764193513,,Unspecified,201-500 employees,"Dental, Vision, Annual Bonus"
Staff Data Platform Engineer (f/m/d),Apaleo,"Munich, Bavaria, Germany",,,110000,190000,,1764229514,,PhD,1-50 employees,"Stock Options, Remote Work Stipend"
Senior Solutions Architect,Automat-it,Berlin,Full-time,Remote,110000,190000,2,1764225730,,Unspecified,201-500 employees,"Dental, Vision, Annual Bonus"
Product Manager,DataInc,"Chicago, IL",Contract,Technology,105801,193211,3,11/27/2025,"Java, Ruby, Agile, AWS",Unspecified,1000+ employees,"Stock Options, Remote Work Stipend"
Solutions Architect,EnterpriseHub,"London, UK",Remote,Technology,109002,189999,4,11/27/2025,"AWS, Go, JavaScript, Docker, Machine Learning",Master's Degree,51-200 employees,"Dental, Vision, Annual Bonus"
Software Engineer,DataInc,"San Francisco, CA",Part-time,Technology,104788,193973,5,11/27/2025,"AWS, TypeScript, MongoDB, React, Ruby, SQL, CI/CD",Associate Degree,201-500 employees,"Health Insurance, 401(k), Unlimited PTO"
Backend Developer,InnovateLab,"San Francisco, CA",Contract,Technology,103684,194848,2,11/27/2025,"Kubernetes, Docker, Java, TensorFlow, Python, SQL, Git",Associate Degree,1-50 employees,"Health Insurance, 401(k), Unlimited PTO"
Senior Software Engineer,CodeFactory,"Boston, MA",Full-time,Technology,102659,195385,5,11/27/2025,"React, REST APIs, CI/CD, Java, SQL, AWS",Unspecified,201-500 employees,"Dental, Vision, Annual Bonus"
QA Engineer,DataInc,"New York, NY",Remote,Technology,111455,186282,4,11/27/2025,"JavaScript, React, Git, Docker, AWS, Ruby, TypeScript",PhD,201-500 employees,"Stock Options, Remote Work Stipend"
Project Manager,CodeFactory,"Austin, TX",Full-time,Technology,103468,194130,2,11/27/2025,"TypeScript, Git, JavaScript, React, Kubernetes, AWS, Node.js",Bachelor's Degree,51-200 employees,"Stock Options, Remote Work Stipend"
Product Manager,InnovateLab,"Chicago, IL",Remote,Technology,106148,190939,4,11/27/2025,"JavaScript, Go, CI/CD, Machine Learning",PhD,201-500 employees,"Dental, Vision, Annual Bonus"
Backend Developer,CodeFactory,"London, UK",Remote,Technology,111149,185900,4,11/27/2025,"Java, Docker, AWS, Go, Git, TypeScript, Node.js",Master's Degree,1-50 employees,"Health Insurance, 401(k), Unlimited PTO"
Senior Software Engineer,TechCorp,"Denver, CO",Part-time,Technology,104733,192020,8,11/27/2025,"Machine Learning, Docker, Java, Agile, React, SQL",Master's Degree,1000+ employees,"Stock Options, Remote Work Stipend"
Project Manager,DigitalWorks,"Denver, CO",Full-time,Technology,109605,185719,2,11/27/2025,"JavaScript, Go, Ruby, Git, TensorFlow, REST APIs",Unspecified,51-200 employees,"Stock Options, Remote Work Stipend"
Project Manager,CodeFactory,Remote,Part-time,Technology,106406,188827,4,11/27/2025,"Agile, SQL, TensorFlow, Machine Learning",Master's Degree,1-50 employees,"Health Insurance, 401(k), Unlimited PTO"
Software Engineer,EnterpriseHub,"San Francisco, CA",Remote,Technology,113693,181173,2,11/27/2025,"Node.js, TensorFlow, CI/CD, REST APIs",Unspecified,51-200 employees,"Dental, Vision, Annual Bonus"
Machine Learning Engineer,WebDynamics,"New York, NY",Contract,Technology,103982,190665,5,11/27/2025,"CI/CD, Go, REST APIs, TypeScript, Node.js",Associate Degree,1-50 employees,"Dental, Vision, Annual Bonus"
Project Manager,CloudSystems,Remote,Full-time,Technology,99351,194988,2,11/27/2025,"Machine Learning, AWS, Kubernetes, Docker, SQL, Ruby",Associate Degree,201-500 employees,"Dental, Vision, Annual Bonus"
Senior Data Scientist,DataInc,"Atlanta, GA",Full-time,Technology,110033,184236,9,11/27/2025,"JavaScript, Git, SQL, Kubernetes",Associate Degree,1000+ employees,"Dental, Vision, Annual Bonus"
DevOps Engineer,DigitalWorks,"San Francisco, CA",Remote,Technology,112214,181264,3,11/27/2025,"Python, REST APIs, Go, Java",PhD,1-50 employees,"Stock Options, Remote Work Stipend"
Frontend Developer,TechCorp,"New York, NY",Remote,Technology,97145,196212,3,11/27/2025,"Java, Ruby, Node.js",PhD,501-1000 employees,"Dental, Vision, Annual Bonus"
Machine Learning Engineer,DataInc,"New York, NY",Remote,Technology,106755,186095,2,11/27/2025,"Agile, REST APIs, AWS, Git, Machine Learning, CI/CD",Unspecified,1000+ employees,"Health Insurance, 401(k), Unlimited PTO"
Backend Developer,StartupXYZ,"London, UK",Remote,Technology,103022,188756,4,11/27/2025,"Java, REST APIs, Python, JavaScript",PhD,501-1000 employees,"Stock Options, Remote Work Stipend"
Data Scientist,DataInc,"Seattle, WA",Full-time,Technology,104474,187248,3,11/27/2025,"AWS, SQL, Agile, Ruby, Git, JavaScript",Unspecified,501-1000 employees,"Health Insurance, 401(k), Unlimited PTO"
DevOps Engineer,DigitalWorks,"San Francisco, CA",Part-time,Technology,103733,186360,3,11/27/2025,"Ruby, MongoDB, JavaScript, CI/CD, Machine Learning, REST APIs, Git",Associate Degree,51-200 employees,"Stock Options, Remote Work Stipend"
Product Manager,InnovateLab,"Atlanta, GA",Remote,Technology,108664,181419,5,11/27/2025,"Python, AWS, Java, Machine Learning, Go, Docker",Master's Degree,51-200 employees,"Dental, Vision, Annual Bonus"
Project Manager,CloudSystems,Remote,Contract,Technology,109337,180013,4,11/27/2025,"Machine Learning, JavaScript, Kubernetes",Bachelor's Degree,51-200 employees,"Dental, Vision, Annual Bonus"
Machine Learning Engineer,TechCorp,"New York, NY",Full-time,Technology,107485,181694,4,11/27/2025,"Ruby, AWS, SQL, TensorFlow",High School,1000+ employees,"Stock Options, Remote Work Stipend"
Solutions Architect,InnovateLab,"New York, NY",Remote,Technology,106239,182583,5,11/27/2025,"JavaScript, Agile, Kubernetes, React",Master's Degree,1-50 employees,"Dental, Vision, Annual Bonus"
Machine Learning Engineer,TechCorp,"San Francisco, CA",Full-time,Technology,112535,176131,2,11/27/2025,"TypeScript, Kubernetes, Go, Git, SQL, Node.js, TensorFlow",Unspecified,501-1000 employees,"Dental, Vision, Annual Bonus"
Software Engineer,DataInc,"San Francisco, CA",Contract,Technology,105618,182763,2,11/27/2025,"Ruby, REST APIs, AWS, CI/CD, TypeScript, Agile, JavaScript",Bachelor's Degree,501-1000 employees,"Dental, Vision, Annual Bonus"
Frontend Developer,WebDynamics,"New York, NY",Remote,Technology,109745,178290,4,11/27/2025,"Go, MongoDB, CI/CD, Machine Learning, Agile, Java",Bachelor's Degree,1000+ employees,"Stock Options, Remote Work Stipend"
Security Engineer,EnterpriseHub,"London, UK",Contract,Technology,100122,187098,5,11/27/2025,"Node.js, TensorFlow, TypeScript, SQL",PhD,1-50 employees,"Stock Options, Remote Work Stipend"
Lead Engineer,EnterpriseHub,"Austin, TX",Contract,Technology,102627,184145,10,11/27/2025,"Agile, Machine Learning, Python, React",PhD,1000+ employees,"Stock Options, Remote Work Stipend"
Product Manager,StartupXYZ,"Austin, TX",Part-time,Technology,102940,181529,4,11/27/2025,"AWS, MongoDB, TypeScript",PhD,1-50 employees,"Dental, Vision, Annual Bonus"
Project Manager,InnovateLab,"Toronto, Canada",Remote,Technology,100562,183103,5,11/27/2025,"JavaScript, REST APIs, Machine Learning, React",Master's Degree,501-1000 employees,"Dental, Vision, Annual Bonus"
Software Engineer,DigitalWorks,"London, UK",Full-time,Technology,96309,187356,3,11/27/2025,"Node.js, Machine Learning, SQL, Docker, Go",Associate Degree,501-1000 employees,"Dental, Vision, Annual Bonus"
Solutions Architect,DataInc,"Seattle, WA",Remote,Technology,110280,173023,4,11/27/2025,"MongoDB, React, TensorFlow",High School,1-50 employees,"Stock Options, Remote Work Stipend"
Frontend Developer,InnovateLab,"Seattle, WA",Remote,Technology,95592,185558,2,11/27/2025,"Git, MongoDB, Go, Agile, React, Ruby, Machine Learning",Associate Degree,1-50 employees,"Dental, Vision, Annual Bonus"
Project Manager,AI Solutions,"Toronto, Canada",Contract,Technology,98217,182780,3,11/27/2025,"TensorFlow, Git, Machine Learning, Python",Unspecified,1000+ employees,"Health Insurance, 401(k), Unlimited PTO"
Machine Learning Engineer,AI Solutions,"New York, NY",Remote,Technology,98780,181433,2,11/27/2025,"SQL, AWS, REST APIs, Kubernetes, Machine Learning",PhD,501-1000 employees,"Stock Options, Remote Work Stipend"
Marketing/Sales Manager (m/w/d),HHL Leipzig Graduate School of Management,Leipzig,,Marketing and Communication,100000,180000,,1764187339,,Associate Degree,1000+ employees,"Dental, Vision, Annual Bonus"
SEO Account Manager:in (m/w/d),Corominas Consulting GmbH,Fürth,berufserfahren,Remote,100000,180000,,1764176523,,Master's Degree,1-50 employees,"Dental, Vision, Annual Bonus"
Talent Acquisition Manager:in,Skalar,Munich,manager,Recruitment and Selection,100000,180000,2,1764178295,,High School,501-1000 employees,"Stock Options, Remote Work Stipend"
Account Manager,Paymentology,Berlin,Full time,Remote,100000,180000,7,1764193329,,Unspecified,201-500 employees,"Dental, Vision, Annual Bonus"
Technical Account Manager - DACH,SolarEdge,Munich,Full-time,Remote,100000,180000,5,1764193329,,Master's Degree,1000+ employees,"Health Insurance, 401(k), Unlimited PTO"
Technical Account Manager - DACH,SolarEdge,Munich,Full-time,Remote,100000,180000,5,1764214929,,Unspecified,501-1000 employees,"Dental, Vision, Annual Bonus"
Strategic Procurement Manager (m/w/d),1KOMMA5˚,Hamburg,berufserfahren,Software Development,100000,180000,,1764176516,,Bachelor's Degree,1000+ employees,"Stock Options, Remote Work Stipend"
Marketplace & E-Commerce Manager (m/w/d),fleeky GmbH,Hamburg,berufserfahren,Marketing and Communication,100000,180000,,1764180110,,Master's Degree,501-1000 employees,"Stock Options, Remote Work Stipend"
Account Manager,Paymentology,Berlin,Full time,Remote,100000,180000,7,1764182529,,Associate Degree,1-50 employees,"Health Insurance, 401(k), Unlimited PTO"
Account Manager,Paymentology,Berlin,Full time,Remote,100000,180000,7,1764214929,,Unspecified,501-1000 employees,"Stock Options, Remote Work Stipend"
Social Media & Community Manager:in (m/w/d),Bearpaw GmbH,Bamberg,berufserfahren,Social Media Manager,100000,180000,,1764207108,,Associate Degree,1-50 employees,"Dental, Vision, Annual Bonus"
Regional Restaurant Marketing Manager (North and East),Wolt - English,"Hamburg, Hamburg, Germany",,,100000,180000,,1764229512,,High School,1-50 employees,"Dental, Vision, Annual Bonus"
Project Manager,WebDynamics,Remote,Full-time,Technology,95141,182407,4,11/27/2025,"Python, Java, TensorFlow, Git, Go, CI/CD, JavaScript",PhD,1-50 employees,"Health Insurance, 401(k), Unlimited PTO"
QA Engineer,CodeFactory,"New York, NY",Full-time,Technology,100203,174792,3,11/27/2025,"Python, MongoDB, Machine Learning, Node.js, JavaScript, Ruby",Associate Degree,1-50 employees,"Health Insurance, 401(k), Unlimited PTO"
QA Engineer,InnovateLab,"Seattle, WA",Full-time,Technology,94838,179568,5,11/27/2025,"Git, TypeScript, Go",PhD,1000+ employees,"Dental, Vision, Annual Bonus"
Security Engineer,StartupXYZ,"New York, NY",Contract,Technology,98214,176117,2,11/27/2025,"Git, Ruby, Machine Learning, Kubernetes, Agile, SQL",High School,1000+ employees,"Dental, Vision, Annual Bonus"
Product Manager,CodeFactory,"Denver, CO",Contract,Technology,97454,171881,4,11/27/2025,"Machine Learning, Git, REST APIs, Node.js",Bachelor's Degree,201-500 employees,"Stock Options, Remote Work Stipend"
Technical Lead,DigitalWorks,"Boston, MA",Contract,Technology,98508,156486,8,11/27/2025,"Agile, Go, Node.js",PhD,1-50 employees,"Dental, Vision, Annual Bonus"
Technical Lead,DataInc,"Denver, CO",Part-time,Technology,87016,161933,8,11/27/2025,"Java, Go, JavaScript, Python, Agile",Master's Degree,201-500 employees,"Dental, Vision, Annual Bonus"
Technical Lead,StartupXYZ,"Chicago, IL",Remote,Technology,95342,151737,7,11/27/2025,"TensorFlow, Agile, JavaScript, Ruby, Docker, Node.js, Git",Unspecified,51-200 employees,"Dental, Vision, Annual Bonus"
Technical Lead,CodeFactory,"Toronto, Canada",Contract,Technology,94578,151875,9,11/27/2025,"Ruby, JavaScript, TensorFlow, Docker, TypeScript, React, CI/CD",High School,501-1000 employees,"Stock Options, Remote Work Stipend"
Software Engineer,DataInc,"Chicago, IL",Remote,Technology,88855,154571,5,11/27/2025,"Ruby, SQL, MongoDB",Bachelor's Degree,1000+ employees,"Stock Options, Remote Work Stipend"
Technical Lead,CodeFactory,"Austin, TX",Full-time,Technology,90287,150531,8,11/27/2025,"SQL, CI/CD, Go, Java",Master's Degree,51-200 employees,"Stock Options, Remote Work Stipend"
Technical Lead,TechCorp,"Toronto, Canada",Remote,Technology,98084,141986,7,11/27/2025,"Python, JavaScript, Git, Docker, Java, Node.js, Ruby",Master's Degree,1-50 employees,"Dental, Vision, Annual Bonus"
Senior Finanzbuchhalter:in (m/w/d),advacc  advanced accounting GmbH,Berlin,,Remote,90000,150000,,1764194491,,Associate Degree,201-500 employees,"Stock Options, Remote Work Stipend"
"Analytics Lead, Operations",SumUp,"Berlin, Berlin, Germany",,,90000,150000,,1764193513,,Bachelor's Degree,51-200 employees,"Health Insurance, 401(k), Unlimited PTO"
DevOps Engineer,AI Solutions,Remote,Part-time,Technology,85048,154593,3,11/27/2025,"TypeScript, CI/CD, Git",Master's Degree,1-50 employees,"Dental, Vision, Annual Bonus"
QA Engineer,WebDynamics,"Chicago, IL",Contract,Technology,84367,154954,2,11/27/2025,"JavaScript, Python, Docker, REST APIs",PhD,1-50 employees,"Health Insurance, 401(k), Unlimited PTO"
Data Scientist,StartupXYZ,"Austin, TX",Part-time,Technology,85820,152915,2,11/27/2025,"Java, REST APIs, Git, AWS, Node.js, Machine Learning",Bachelor's Degree,201-500 employees,"Dental, Vision, Annual Bonus"
Full Stack Developer,EnterpriseHub,"Atlanta, GA",Remote,Technology,89996,148405,4,11/27/2025,"Kubernetes, REST APIs, Git, Java, MongoDB, CI/CD",Bachelor's Degree,51-200 employees,"Dental, Vision, Annual Bonus"
Machine Learning Engineer,AI Solutions,"Austin, TX",Remote,Technology,88628,149577,4,11/27/2025,"Ruby, Docker, Agile, Python, TensorFlow",High School,1-50 employees,"Dental, Vision, Annual Bonus"
Full Stack Developer,TechCorp,"Toronto, Canada",Remote,Technology,83894,154229,2,11/27/2025,"AWS, Node.js, TensorFlow, Ruby",Bachelor's Degree,501-1000 employees,"Health Insurance, 401(k), Unlimited PTO"
Solutions Architect,WebDynamics,"Chicago, IL",Part-time,Technology,86172,151938,3,11/27/2025,"Python, Node.js, MongoDB, SQL, REST APIs",Master's Degree,501-1000 employees,"Health Insurance, 401(k), Unlimited PTO"
Data Scientist,DataInc,Remote,Full-time,Technology,89618,148172,2,11/27/2025,"Docker, Python, REST APIs, Node.js, Java",High School,51-200 employees,"Stock Options, Remote Work Stipend"
Technical Lead,WebDynamics,"Austin, TX",Remote,Technology,94029,143622,6,11/27/2025,"Python, JavaScript, Git, Machine Learning, Go, Node.js, CI/CD",Bachelor's Degree,501-1000 employees,"Stock Options, Remote Work Stipend"
Solutions Architect,CodeFactory,"Denver, CO",Part-time,Technology,87970,149586,4,11/27/2025,"Agile, TypeScript, Docker, Git, Java",Associate Degree,51-200 employees,"Dental, Vision, Annual Bonus"
QA Engineer,WebDynamics,"Boston, MA",Part-time,Technology,88400,149067,4,11/27/2025,"Machine Learning, AWS, Docker, Ruby, Kubernetes",Bachelor's Degree,1-50 employees,"Stock Options, Remote Work Stipend"
Frontend Developer,DataInc,"Atlanta, GA",Part-time,Technology,86006,151265,2,11/27/2025,"Git, TypeScript, Docker, Go",High School,1-50 employees,"Health Insurance, 401(k), Unlimited PTO"
Technical Lead,TechCorp,"Atlanta, GA",Contract,Technology,81347,154512,6,11/27/2025,"React, Kubernetes, Docker",Associate Degree,1000+ employees,"Dental, Vision, Annual Bonus"
Full Stack Developer,CloudSystems,"Austin, TX",Contract,Technology,89373,144216,3,11/27/2025,"TypeScript, SQL, Node.js, Agile, Git, REST APIs, Machine Learning",Unspecified,501-1000 employees,"Stock Options, Remote Work Stipend"
DevOps Engineer,AI Solutions,Remote,Contract,Technology,88680,144458,3,11/27/2025,"Ruby, Python, AWS, Node.js, SQL, Git",Bachelor's Degree,1-50 employees,"Dental, Vision, Annual Bonus"
Solutions Architect,WebDynamics,"Austin, TX",Full-time,Technology,83262,148613,3,11/27/2025,"Go, React, TensorFlow, Ruby, Java, Agile, TypeScript",Master's Degree,1000+ employees,"Health Insurance, 401(k), Unlimited PTO"
Software Engineer,StartupXYZ,"Toronto, Canada",Remote,Technology,89594,142259,3,11/27/2025,"Agile, Java, Git, Docker",High School,501-1000 employees,"Dental, Vision, Annual Bonus"
Security Engineer,InnovateLab,"Berlin, Germany",Remote,Technology,88820,142920,2,11/27/2025,"Agile, Go, Docker, CI/CD",Master's Degree,1000+ employees,"Dental, Vision, Annual Bonus"
QA Engineer,DigitalWorks,"Boston, MA",Contract,Technology,79139,151839,5,11/27/2025,"TypeScript, React, REST APIs",Associate Degree,1-50 employees,"Stock Options, Remote Work Stipend"
Machine Learning Engineer,WebDynamics,"Berlin, Germany",Remote,Technology,88302,142198,5,11/27/2025,"Java, Kubernetes, TypeScript, Ruby",Associate Degree,201-500 employees,"Stock Options, Remote Work Stipend"
QA Engineer,CloudSystems,"Toronto, Canada",Remote,Technology,89744,140745,2,11/27/2025,"TensorFlow, Python, REST APIs",High School,1000+ employees,"Stock Options, Remote Work Stipend"
UX Designer,DataInc,"New York, NY",Part-time,Technology,84041,144503,2,11/27/2025,"Kubernetes, AWS, Agile, Python",PhD,501-1000 employees,"Dental, Vision, Annual Bonus"
Technical Lead,AI Solutions,"Boston, MA",Full-time,Technology,86121,141827,10,11/27/2025,"React, Machine Learning, Go, SQL",Associate Degree,1-50 employees,"Dental, Vision, Annual Bonus"
Data Scientist,TechCorp,"Denver, CO",Full-time,Technology,88708,139205,4,11/27/2025,"Python, Git, Agile, REST APIs, React, SQL, MongoDB",High School,1000+ employees,"Health Insurance, 401(k), Unlimited PTO"
Security Engineer,EnterpriseHub,"Chicago, IL",Remote,Technology,78178,148687,4,11/27/2025,"TypeScript, CI/CD, Python, Docker, Go, Ruby, React",PhD,501-1000 employees,"Health Insurance, 401(k), Unlimited PTO"
Junior Developer,DigitalWorks,"London, UK",Part-time,Technology,91423,134486,2,11/27/2025,"Go, Python, CI/CD",Associate Degree,501-1000 employees,"Health Insurance, 401(k), Unlimited PTO"
Backend Developer,CodeFactory,"Atlanta, GA",Contract,Technology,73996,150993,3,11/27/2025,"Docker, REST APIs, AWS, Java, Python, TypeScript",Master's Degree,201-500 employees,"Stock Options, Remote Work Stipend"
Full Stack Developer,EnterpriseHub,Remote,Remote,Technology,79809,144949,4,11/27/2025,"Go, Docker, Machine Learning, Python, Kubernetes, React, AWS",PhD,1-50 employees,"Health Insurance, 401(k), Unlimited PTO"
Software Engineer,StartupXYZ,"Austin, TX",Full-time,Technology,86256,138322,3,11/27/2025,"AWS, Machine Learning, Docker, JavaScript, TypeScript, Java, Node.js",Master's Degree,201-500 employees,"Health Insurance, 401(k), Unlimited PTO"
Machine Learning Engineer,AI Solutions,"Austin, TX",Part-time,Technology,89865,134690,3,11/27/2025,"Python, TensorFlow, MongoDB, AWS, Go, JavaScript, TypeScript",PhD,1-50 employees,"Health Insurance, 401(k), Unlimited PTO"
Data Scientist,CloudSystems,"Austin, TX",Part-time,Technology,74350,150171,5,11/27/2025,"MongoDB, Node.js, REST APIs",Bachelor's Degree,201-500 employees,"Health Insurance, 401(k), Unlimited PTO"
Frontend Developer,AI Solutions,"Boston, MA",Contract,Technology,76754,147738,2,11/27/2025,"Node.js, TypeScript, Machine Learning, Python, Go, Agile, Ruby",High School,1000+ employees,"Dental, Vision, Annual Bonus"
System Administrator,DataInc,"London, UK",Part-time,Technology,86676,137346,2,11/27/2025,"MongoDB, Machine Learning, SQL, Ruby, JavaScript, Go, Kubernetes",Associate Degree,501-1000 employees,"Stock Options, Remote Work Stipend"
Backend Developer,InnovateLab,"Austin, TX",Remote,Technology,71897,152018,2,11/27/2025,"Ruby, JavaScript, Agile, SQL, CI/CD",Master's Degree,1000+ employees,"Health Insurance, 401(k), Unlimited PTO"
Full Stack Developer,InnovateLab,"Boston, MA",Part-time,Technology,75303,148537,4,11/27/2025,"Kubernetes, Docker, Node.js, Git",Associate Degree,51-200 employees,"Stock Options, Remote Work Stipend"
Junior Developer,CodeFactory,"Seattle, WA",Contract,Technology,88329,135378,0,11/27/2025,"SQL, Machine Learning, TypeScript, JavaScript, CI/CD, Docker",Unspecified,1-50 employees,"Health Insurance, 401(k), Unlimited PTO"
Software Engineer,DigitalWorks,Remote,Part-time,Technology,72899,150681,4,11/27/2025,"Node.js, SQL, Docker, Kubernetes, JavaScript",Master's Degree,1000+ employees,"Dental, Vision, Annual Bonus"
DevOps Engineer,InnovateLab,"Atlanta, GA",Contract,Technology,72611,150517,3,11/27/2025,"Git, Ruby, Go, Machine Learning, MongoDB",Unspecified,201-500 employees,"Stock Options, Remote Work Stipend"
Full Stack Developer,EnterpriseHub,"Boston, MA",Part-time,Technology,81791,141013,3,11/27/2025,"TensorFlow, REST APIs, Git, Agile",Master's Degree,1-50 employees,"Dental, Vision, Annual Bonus"
Software Engineer,TechCorp,"Toronto, Canada",Remote,Technology,73214,149493,3,11/27/2025,"Node.js, CI/CD, TypeScript, Kubernetes, MongoDB",High School,1000+ employees,"Stock Options, Remote Work Stipend"
Business Analyst,CloudSystems,"San Francisco, CA",Part-time,Technology,79929,141936,3,11/27/2025,"SQL, Docker, AWS, Kubernetes, Python",Associate Degree,1-50 employees,"Health Insurance, 401(k), Unlimited PTO"
System Administrator,WebDynamics,"London, UK",Part-time,Technology,79215,141984,2,11/27/2025,"Agile, Node.js, React, REST APIs",Bachelor's Degree,1000+ employees,"Stock Options, Remote Work Stipend"
Machine Learning Engineer,AI Solutions,"Toronto, Canada",Full-time,Technology,79372,141777,3,11/27/2025,"AWS, Go, Git, React",Master's Degree,201-500 employees,"Dental, Vision, Annual Bonus"
Frontend Developer,InnovateLab,Remote,Full-time,Technology,87625,132532,5,11/27/2025,"Machine Learning, Python, Docker, Git, Node.js",PhD,501-1000 employees,"Dental, Vision, Annual Bonus"
UX Designer,TechCorp,"London, UK",Full-time,Technology,80235,139878,5,11/27/2025,"Docker, TypeScript, REST APIs, Kubernetes, TensorFlow, Ruby, React",High School,501-1000 employees,"Health Insurance, 401(k), Unlimited PTO"
Junior Developer,WebDynamics,"San Francisco, CA",Full-time,Technology,75038,145045,0,11/27/2025,"JavaScript, Kubernetes, REST APIs, Python, AWS, TensorFlow",Master's Degree,1000+ employees,"Dental, Vision, Annual Bonus"
C#/.NET Developer (m/f/d),Rahantech GmbH,Frankfurt,professional / experienced,Software Development,80000,140000,,1764176524,,Bachelor's Degree,1-50 employees,"Dental, Vision, Annual Bonus"
Full Stack Engineer (m/w/d),Justhome GmbH,Berlin,berufserfahren,Software Development,80000,140000,,1764183695,,PhD,201-500 employees,"Health Insurance, 401(k), Unlimited PTO"
Forward Deployed Engineer (m/f/d),Elucidate GmbH,Berlin,,Software Development,80000,140000,,1764203508,,Bachelor's Degree,201-500 employees,"Dental, Vision, Annual Bonus"
Solutions Architect,DigitalWorks,"Austin, TX",Contract,Technology,79969,139758,2,11/27/2025,"MongoDB, TypeScript, Machine Learning, Ruby, Python, Agile, TensorFlow",High School,201-500 employees,"Stock Options, Remote Work Stipend"
Security Engineer,CodeFactory,"Austin, TX",Full-time,Technology,83062,136568,3,11/27/2025,"Python, React, CI/CD",Associate Degree,201-500 employees,"Health Insurance, 401(k), Unlimited PTO"
Solutions Architect,TechCorp,"Atlanta, GA",Full-time,Technology,74245,145021,2,11/27/2025,"CI/CD, Machine Learning, Docker, TypeScript",Bachelor's Degree,51-200 employees,"Dental, Vision, Annual Bonus"
Solutions Architect,CloudSystems,"Boston, MA",Full-time,Technology,87002,132231,3,11/27/2025,"AWS, CI/CD, Python",Unspecified,51-200 employees,"Dental, Vision, Annual Bonus"
Machine Learning Engineer,EnterpriseHub,"Berlin, Germany",Remote,Technology,86275,132888,4,11/27/2025,"Kubernetes, TensorFlow, JavaScript, Git, React, Python, Go",High School,51-200 employees,"Health Insurance, 401(k), Unlimited PTO"
Security Engineer,TechCorp,"Atlanta, GA",Full-time,Technology,85072,132469,5,11/27/2025,"REST APIs, React, Ruby, Python, Git",Bachelor's Degree,51-200 employees,"Health Insurance, 401(k), Unlimited PTO"
Machine Learning Engineer,DataInc,"Berlin, Germany",Contract,Technology,77143,139717,3,11/27/2025,"Machine Learning, React, REST APIs, CI/CD, Go, Docker",High School,51-200 employees,"Dental, Vision, Annual Bonus"
Backend Developer,WebDynamics,Remote,Contract,Technology,76412,139674,3,11/27/2025,"CI/CD, Agile, SQL, TensorFlow, Docker",Unspecified,1-50 employees,"Stock Options, Remote Work Stipend"
Software Engineer,WebDynamics,"Berlin, Germany",Contract,Technology,78733,137099,3,11/27/2025,"AWS, Git, Ruby, TensorFlow, Agile",Associate Degree,1000+ employees,"Dental, Vision, Annual Bonus"
Machine Learning Engineer,CloudSystems,"Boston, MA",Part-time,Technology,81416,134304,2,11/27/2025,"CI/CD, Go, Node.js, Ruby, REST APIs",PhD,51-200 employees,"Health Insurance, 401(k), Unlimited PTO"
Frontend Developer,CloudSystems,"Boston, MA",Contract,Technology,75229,140057,2,11/27/2025,"Java, React, Agile, Docker, Python, Machine Learning",Associate Degree,1-50 employees,"Stock Options, Remote Work Stipend"
Machine Learning Engineer,StartupXYZ,Remote,Full-time,Technology,81209,133662,3,11/27/2025,"Machine Learning, Go, Git, Docker, REST APIs, CI/CD",High School,201-500 employees,"Stock Options, Remote Work Stipend"
Solutions Architect,TechCorp,"Austin, TX",Part-time,Technology,81682,133112,5,11/27/2025,"Ruby, Python, React, Java, TensorFlow, JavaScript, REST APIs",Bachelor's Degree,501-1000 employees,"Dental, Vision, Annual Bonus"
Solutions Architect,CodeFactory,"Atlanta, GA",Part-time,Technology,83140,131579,3,11/27/2025,"Node.js, MongoDB, Go, Agile, AWS, TypeScript, Machine Learning",Unspecified,1-50 employees,"Dental, Vision, Annual Bonus"
Software Engineer,EnterpriseHub,"Toronto, Canada",Part-time,Technology,78059,136317,4,11/27/2025,"CI/CD, Python, Kubernetes",Unspecified,1000+ employees,"Stock Options, Remote Work Stipend"
Data Scientist,EnterpriseHub,"Austin, TX",Part-time,Technology,82317,131764,5,11/27/2025,"REST APIs, AWS, SQL",Master's Degree,201-500 employees,"Dental, Vision, Annual Bonus"
Machine Learning Engineer,CloudSystems,"Boston, MA",Remote,Technology,73064,140990,2,11/27/2025,"React, Node.js, Docker, Python, Ruby",Associate Degree,501-1000 employees,"Health Insurance, 401(k), Unlimited PTO"
Software Engineer,CloudSystems,"Boston, MA",Remote,Technology,74824,138525,5,11/27/2025,"TensorFlow, Machine Learning, Node.js, JavaScript, Agile, TypeScript",High School,51-200 employees,"Health Insurance, 401(k), Unlimited PTO"
Solutions Architect,DigitalWorks,"Denver, CO",Part-time,Technology,76836,135463,5,11/27/2025,"Go, Agile, Python, Docker, CI/CD, React, TensorFlow",Associate Degree,201-500 employees,"Stock Options, Remote Work Stipend"
DevOps Engineer,InnovateLab,Remote,Part-time,Technology,71916,140205,3,11/27/2025,"Machine Learning, Python, TypeScript, Kubernetes, REST APIs, Ruby",High School,1-50 employees,"Dental, Vision, Annual Bonus"
Frontend Developer,StartupXYZ,"Toronto, Canada",Part-time,Technology,72650,138650,4,11/27/2025,"TypeScript, React, Agile, SQL, Git, Go, MongoDB",Associate Degree,201-500 employees,"Health Insurance, 401(k), Unlimited PTO"
DevOps Engineer,StartupXYZ,"Boston, MA",Full-time,Technology,75901,135037,4,11/27/2025,"Ruby, Go, MongoDB, TypeScript, Machine Learning",Master's Degree,1000+ employees,"Dental, Vision, Annual Bonus"
DevOps Engineer,StartupXYZ,"Berlin, Germany",Full-time,Technology,71538,139212,4,11/27/2025,"Agile, Docker, React, Go, SQL, Kubernetes, CI/CD",Bachelor's Degree,501-1000 employees,"Dental, Vision, Annual Bonus"
System Administrator,WebDynamics,"Seattle, WA",Full-time,Technology,84186,125685,2,11/27/2025,"SQL, Kubernetes, Git, Go, Ruby, Agile",PhD,201-500 employees,"Dental, Vision, Annual Bonus"
QA Engineer,EnterpriseHub,"Chicago, IL",Contract,Technology,70109,138893,4,11/27/2025,"Go, Agile, TypeScript, CI/CD, TensorFlow, Ruby, Java",Bachelor's Degree,1000+ employees,"Stock Options, Remote Work Stipend"
Software Engineer,AI Solutions,"Boston, MA",Remote,Technology,74316,134145,2,11/27/2025,"Agile, Kubernetes, Machine Learning",PhD,1000+ employees,"Health Insurance, 401(k), Unlimited PTO"
Solutions Architect,TechCorp,"Chicago, IL",Remote,Technology,71875,134585,3,11/27/2025,"Kubernetes, Python, Machine Learning",Associate Degree,51-200 employees,"Dental, Vision, Annual Bonus"
Full Stack Developer,DataInc,"Boston, MA",Part-time,Technology,76018,130316,5,11/27/2025,"SQL, Go, TypeScript, CI/CD, Node.js, Java",Unspecified,501-1000 employees,"Stock Options, Remote Work Stipend"
Security Engineer,TechCorp,"Austin, TX",Contract,Technology,71872,134040,2,11/27/2025,"Docker, Agile, Ruby, SQL, Machine Learning, TensorFlow",Associate Degree,51-200 employees,"Stock Options, Remote Work Stipend"
Business Analyst,CodeFactory,"New York, NY",Remote,Technology,82129,122656,4,11/27/2025,"Machine Learning, Node.js, Docker, CI/CD",Master's Degree,1-50 employees,"Health Insurance, 401(k), Unlimited PTO"
Junior Developer,DataInc,"Chicago, IL",Contract,Technology,73663,123800,1,11/27/2025,"Agile, Java, AWS, Git, Machine Learning, Ruby, Docker",PhD,51-200 employees,"Dental, Vision, Annual Bonus"
Business Analyst,CodeFactory,"New York, NY",Contract,Technology,69993,124119,3,11/27/2025,"Agile, Go, CI/CD",Master's Degree,201-500 employees,"Stock Options, Remote Work Stipend"
Junior Developer,DigitalWorks,"Toronto, Canada",Contract,Technology,70717,121078,0,11/27/2025,"Git, MongoDB, REST APIs, Agile, Go, CI/CD, Python",Bachelor's Degree,1000+ employees,"Health Insurance, 401(k), Unlimited PTO"
Junior Developer,AI Solutions,"Denver, CO",Full-time,Technology,71565,119090,1,11/27/2025,"Ruby, CI/CD, AWS, Node.js, Git, SQL",High School,1-50 employees,"Stock Options, Remote Work Stipend"
Business Analyst,DigitalWorks,"Denver, CO",Remote,Technology,65168,114551,4,11/27/2025,"Docker, TensorFlow, React, Agile, Python, SQL, CI/CD",Master's Degree,1000+ employees,"Health Insurance, 401(k), Unlimited PTO"
System Administrator,WebDynamics,"Denver, CO",Full-time,Technology,65403,112418,5,11/27/2025,"React, Agile, Python, Docker, JavaScript, Kubernetes",Bachelor's Degree,1-50 employees,"Stock Options, Remote Work Stipend"
Junior Developer,DataInc,"Austin, TX",Contract,Technology,57074,119803,2,11/27/2025,"MongoDB, Python, TypeScript, React, Node.js",Master's Degree,1000+ employees,"Stock Options, Remote Work Stipend"
Junior Developer,AI Solutions,"Boston, MA",Part-time,Technology,61463,114523,1,11/27/2025,"MongoDB, Go, CI/CD, React, Java, Kubernetes, Git",Associate Degree,201-500 employees,"Stock Options, Remote Work Stipend"
UX Designer,TechCorp,"Boston, MA",Remote,Technology,66215,105651,3,11/27/2025,"Agile, TensorFlow, Ruby, JavaScript, Docker",Master's Degree,501-1000 employees,"Dental, Vision, Annual Bonus"
System Administrator,CodeFactory,"Chicago, IL",Remote,Technology,64421,107131,3,11/27/2025,"Node.js, React, REST APIs, Kubernetes",Master's Degree,201-500 employees,"Dental, Vision, Annual Bonus"
System Administrator,EnterpriseHub,"Boston, MA",Remote,Technology,69504,101397,3,11/27/2025,"Python, Ruby, Machine Learning, SQL, Docker",Associate Degree,1-50 employees,"Stock Options, Remote Work Stipend"
System Administrator,TechCorp,"Austin, TX",Contract,Technology,63238,103813,2,11/27/2025,"AWS, React, Agile, TypeScript",Bachelor's Degree,1-50 employees,"Dental, Vision, Annual Bonus"
Business Analyst,WebDynamics,"Austin, TX",Contract,Technology,59839,106042,4,11/27/2025,"TypeScript, Git, Go",High School,51-200 employees,"Stock Options, Remote Work Stipend"
Data Analyst,EnterpriseHub,"Austin, TX",Full-time,Technology,60240,104773,5,11/27/2025,"Docker, AWS, MongoDB, Kubernetes, JavaScript",Master's Degree,51-200 employees,"Stock Options, Remote Work Stipend"
System Administrator,CodeFactory,"Berlin, Germany",Remote,Technology,65099,99882,5,11/27/2025,"REST APIs, AWS, React",High School,1000+ employees,"Dental, Vision, Annual Bonus"
UX Designer,StartupXYZ,"Denver, CO",Full-time,Technology,62677,102299,4,11/27/2025,"Ruby, React, JavaScript, TypeScript, SQL, AWS",Master's Degree,1000+ employees,"Dental, Vision, Annual Bonus"
System Administrator,DigitalWorks,"Chicago, IL",Remote,Technology,56323,108363,4,11/27/2025,"Node.js, React, Machine Learning, CI/CD, Agile, TypeScript, Java",Bachelor's Degree,51-200 employees,"Dental, Vision, Annual Bonus"
Business Analyst,CloudSystems,"Austin, TX",Part-time,Technology,61751,102243,2,11/27/2025,"AWS, JavaScript, MongoDB, TensorFlow, Machine Learning, Ruby, Agile",Unspecified,501-1000 employees,"Stock Options, Remote Work Stipend"
Business Analyst,TechCorp,"Atlanta, GA",Remote,Technology,69329,91860,3,11/27/2025,"Ruby, Node.js, Git, TensorFlow, CI/CD",Unspecified,201-500 employees,"Stock Options, Remote Work Stipend"
Business Analyst,EnterpriseHub,"Denver, CO",Remote,Technology,60548,99605,2,11/27/2025,"MongoDB, Machine Learning, JavaScript, AWS, Node.js, Python",PhD,1-50 employees,"Stock Options, Remote Work Stipend"
Werkstudent:in Performance Marketing / PPC (Meta Ads & Google Ads),Corominas Consulting GmbH,Fürth,Working student,Remote,60000,100000,,1764176522,,Unspecified,501-1000 employees,"Dental, Vision, Annual Bonus"
** SAP Consultant - Schwerpunkt Security-Beratung **,OREXES GmbH,Fulda,,SAP/ERP Consulting,60000,100000,,1764203507,,Unspecified,1-50 employees,"Dental, Vision, Annual Bonus"
Praktikum Social Media Content,onest.,Konstanz,Internship,Social Media Manager,60000,100000,,1764183696,,Unspecified,1-50 employees,"Dental, Vision, Annual Bonus"
On-Site Support Specialist (m/w/d) - 1389,ITconfig/all GmbH,Hanover,berufseinstieg,Helpdesk,60000,100000,,1764176522,,Unspecified,1-50 employees,"Dental, Vision, Annual Bonus"
Werkstudent Standortanalyse & PPS-Optimierung Außenwerbung (m/w/d) (Hybrid · datenbasiert · regelmäßige Feedbackmeetings im Büro),SCHWARZ-Außenwerbung GmbH,Konstanz,Working student,Media Planning,60000,100000,,1764176521,,Bachelor's Degree,1000+ employees,"Stock Options, Remote Work Stipend"
Sachbearbeiter (m/w/d) Abrechnung/Faktura Schadenmanagement als Elternzeitvertretung (befristet),Fahrzeug-Werke LUEG AG,Essen,,Finance,60000,100000,,1764228711,,Associate Degree,1-50 employees,"Dental, Vision, Annual Bonus"
"Content Producer, mit Fokus auf Video (m/w/d)",SmartMakers GmbH,Karlsruhe,berufserfahren,Marketing and Communication,60000,100000,,1764228711,,Master's Degree,1000+ employees,"Stock Options, Remote Work Stipend"
Fachkraft für Lebensmitteltechnik (Mitarbeiter im Prozessbereich) (m/w/d),Flora Food Group,"Kleve, North Rhine-Westphalia, Germany",,,60000,100000,,1764193513,,High School,51-200 employees,"Health Insurance, 401(k), Unlimited PTO"
Projektingenieur Wasserver- und Entsorgung (m/w/d) mit Führungsverantwortung in München,Wilhelm Unternehmensberatung,Munich,,Process Engineering,60000,100000,,1764190891,,PhD,1-50 employees,"Stock Options, Remote Work Stipend"
"Let's connect, Open Application",Pulse Advertising GmbH,Gössenheim,professional / experienced,Marketing and Communication,60000,100000,,1764176517,,PhD,51-200 employees,"Dental, Vision, Annual Bonus"
Scooter Mechanic,Bolt Technology,"Kassel, Hesse, Germany",,,60000,100000,,1764193513,,Master's Degree,1-50 employees,"Stock Options, Remote Work Stipend"
Scooter Mechanic,Bolt Technology,"Bielefeld, North Rhine-Westphalia, Germany",,,60000,100000,,1764193513,,High School,1000+ employees,"Health Insurance, 401(k), Unlimited PTO"
Scooter Mechanic,Bolt Technology,"Nuremberg, Bavaria, Germany",,,60000,100000,,1764193513,,Unspecified,501-1000 employees,"Stock Options, Remote Work Stipend"
Werkstudent Webentwicklung (m/w/d),Die Gruppe Werbeagentur GmbH,Leinfelden-Echterdingen,Working student,Marketing and Communication,60000,100000,,1764190892,,PhD,1-50 employees,"Stock Options, Remote Work Stipend"
Post-Onboarding Success Specialist,Wolt - English,"Hannoversche Straße, Lower Saxony, Germany",,,60000,100000,,1764229512,,Bachelor's Degree,201-500 employees,"Health Insurance, 401(k), Unlimited PTO"
Scooter Mechanic,Bolt Technology,"Augsburg, Bavaria, Germany",,,60000,100000,,1764193513,,Associate Degree,1000+ employees,"Dental, Vision, Annual Bonus"
Scooter Mechanic,Bolt Technology,"Munich, Bavaria, Germany",,,60000,100000,,1764193513,,Bachelor's Degree,1-50 employees,"Health Insurance, 401(k), Unlimited PTO"
Scooter Mechanic,Bolt Technology,"Münster, North Rhine-Westphalia, Germany",,,60000,100000,,1764193513,,Unspecified,1-50 employees,"Dental, Vision, Annual Bonus"
Scooter Mechanic,Bolt Technology,"Stuttgart, Baden-Württemberg, Germany",,,60000,100000,,1764193513,,High School,51-200 employees,"Dental, Vision, Annual Bonus"
Fleet Operations Driver,Bolt Technology,"Augsburg, Bavaria, Germany",,,60000,100000,,1764193513,,High School,201-500 employees,"Dental, Vision, Annual Bonus"
Strategic HR Business Partner (f/m/d),IONOS SE,Berlin,,HR,60000,100000,,1764201689,,PhD,201-500 employees,"Dental, Vision, Annual Bonus"
Scooter Mechanic,Bolt Technology,"Karlsruhe, Baden-Württemberg, Germany",,,60000,100000,,1764193513,,Master's Degree,1000+ employees,"Health Insurance, 401(k), Unlimited PTO"
Scooter Mechanic,Bolt Technology,"Frankfurt, Hesse, Germany",,,60000,100000,,1764193513,,Associate Degree,1000+ employees,"Dental, Vision, Annual Bonus"
Scooter Mechanic,Bolt Technology,"Mannheim, Baden-Württemberg, Germany",,,60000,100000,,1764193513,,Master's Degree,1-50 employees,"Stock Options, Remote Work Stipend"
Scooter Mechanic,Bolt Technology,"Berlin, Berlin, Germany",,,60000,100000,,1764193513,,High School,201-500 employees,"Health Insurance, 401(k), Unlimited PTO"
Fleet Operations Driver,Bolt Technology,"Wolfsburg, Lower Saxony, Germany",,,60000,100000,,1764193513,,High School,1000+ employees,"Stock Options, Remote Work Stipend"
Fleet Operations Driver,Bolt Technology,"Bremen, Bremen, Germany",,,60000,100000,,1764193513,,Unspecified,1000+ employees,"Dental, Vision, Annual Bonus"
Data Analyst,EnterpriseHub,"Chicago, IL",Contract,Technology,50892,107918,3,11/27/2025,"Kubernetes, Node.js, Java, SQL, Go, React",PhD,1000+ employees,"Dental, Vision, Annual Bonus"
Business Analyst,InnovateLab,Remote,Full-time,Technology,63339,94476,3,11/27/2025,"REST APIs, Kubernetes, MongoDB",PhD,1000+ employees,"Health Insurance, 401(k), Unlimited PTO"
UX Designer,WebDynamics,Remote,Full-time,Technology,65938,91253,2,11/27/2025,"Java, Docker, Machine Learning",Associate Degree,501-1000 employees,"Dental, Vision, Annual Bonus"
UX Designer,TechCorp,"Chicago, IL",Contract,Technology,53114,103673,5,11/27/2025,"SQL, MongoDB, Ruby, AWS",Bachelor's Degree,501-1000 employees,"Dental, Vision, Annual Bonus"
Data Analyst,StartupXYZ,"Toronto, Canada",Full-time,Technology,52720,103309,3,11/27/2025,"SQL, Go, JavaScript, Machine Learning, REST APIs",Unspecified,501-1000 employees,"Dental, Vision, Annual Bonus"
UX Designer,TechCorp,"Atlanta, GA",Contract,Technology,55647,99793,4,11/27/2025,"AWS, JavaScript, Machine Learning, REST APIs, Python, Git, Go",Master's Degree,1-50 employees,"Health Insurance, 401(k), Unlimited PTO"
Data Analyst,StartupXYZ,"Denver, CO",Contract,Technology,53490,100804,3,11/27/2025,"JavaScript, Kubernetes, TypeScript, Python, TensorFlow, Ruby, Git",Associate Degree,51-200 employees,"Stock Options, Remote Work Stipend"
UX Designer,StartupXYZ,"Denver, CO",Part-time,Technology,55151,98695,2,11/27/2025,"Git, Python, AWS, React",PhD,1000+ employees,"Dental, Vision, Annual Bonus"
Data Analyst,InnovateLab,"Austin, TX",Part-time,Technology,51888,91798,3,11/27/2025,"Python, TypeScript, TensorFlow, Ruby",Unspecified,1-50 employees,"Stock Options, Remote Work Stipend"
Business Analyst,DigitalWorks,"Toronto, Canada",Part-time,Technology,52419,90437,2,11/27/2025,"Python, CI/CD, Machine Learning, SQL",Master's Degree,1-50 employees,"Health Insurance, 401(k), Unlimited PTO"
(Junior) Testautomatisierer (m/w/d) #LowCode,Greenfield Technology AG,Düsseldorf,,Remote,45000,70000,,1764203502,,Master's Degree,51-200 employees,"Stock Options, Remote Work Stipend"
(Junior) Media Buyer Influencer Marketing (m/w/d),benuta GmbH,Cologne,Contract,Marketing and Communication,45000,70000,,1764178292,,Bachelor's Degree,1000+ employees,"Stock Options, Remote Work Stipend"
(Junior) Softwareentwickler (m/w/d) #LowCode,Greenfield Technology AG,Düsseldorf,,Remote,45000,70000,,1764203503,,Associate Degree,51-200 employees,"Stock Options, Remote Work Stipend"
